,step_1,baseline_step_1,step_2,baseline_step_2,step_3,baseline_step_3,step_4,baseline_step_4,step_5,baseline_step_5,step_6,baseline_step_6,step_7,baseline_step_7,step_8,baseline_step_8,step_9,baseline_step_9,step_10,baseline_step_10,step_11,baseline_step_11,step_12,baseline_step_12,step_13,baseline_step_13,step_14,baseline_step_14
RMSLE,0.3988056585191276,0.4154056434020446,0.39753678969810924,0.434359809453871,0.40576307395503314,0.46271829659750124,0.4152470315151863,0.4907957549420549,0.4281548717297396,0.520733206855205,0.44441014373360077,0.5535611895525213,0.4638385178636565,0.5876578491005453,0.479436261105316,0.6212739547314623,0.4982750481698626,0.65387917379172,0.5288653322665071,0.6910782444435932,0.5606652850241136,0.7252433370208173,0.5990799392354009,0.7586095752250516,0.6418385412221592,0.7947975926090511,0.672480407623185,0.8305248560836176
MAE,1966.982054512712,2047.94972067039,1960.4372474885847,2198.3854748603344,1959.3581326610029,2381.905027932961,1951.2034358563878,2589.949720670391,1944.1973776962366,2821.40782122905,1939.0393822851868,3063.8156424581,2170.4188345126036,3327.877094972067,2522.9456837976772,3608.5027932960893,2915.047228541559,3878.1117318435754,3374.9961464587527,4150.592178770949,3928.360015748675,4398.49162011173,4501.363286753994,4640.078212290501,5105.421340569754,4921.223463687151,5761.626251770931,5213.2011173184355
RMSE,3208.426094800838,3422.9173442038277,3251.959812885897,3678.8559423675083,3304.9847683783028,3963.730451151475,3343.757895615028,4259.535934148422,3397.185890893285,4569.716814569927,3468.9975343740107,4898.600216776102,3773.338125159454,5252.131697047255,4609.035807480822,5620.009219857642,5614.002608952571,5972.052426925279,6489.20019740251,6316.865570587323,7334.212702041731,6638.807414609053,8393.174282184973,6952.825988693393,9735.407602427604,7282.214714305765,11652.814630680685,7627.114743653012
MAPE,0.3656184464369253,0.37468571192158184,0.35772706145615085,0.38542115758816564,0.36214688895558866,0.40857580337969346,0.3671891090671191,0.43457799657375235,0.37797243837840583,0.4666579273700694,0.38828871685254013,0.5010103547785788,0.4077658971985563,0.5349019244140852,0.4140903830136306,0.5649850483000849,0.4221572106456299,0.5940030677338115,0.4509491815233329,0.6334988540401943,0.48549489908573257,0.6729999749138911,0.534170990980559,0.7134668829195308,0.5875663443099451,0.7579415427939931,0.6007973970492789,0.7990716443493394
